,0
0,601877.SH
1,688316.SH
2,600736.SH
3,601975.SH
4,600640.SH
5,688619.SH
6,300355.SZ
7,688387.SH
8,000905.SZ
9,600823.SH
10,603345.SH
11,601788.SH
12,688597.SH
13,688561.SH
14,603877.SH
15,002707.SZ
16,601018.SH
17,688348.SH
18,603505.SH
19,002197.SZ
20,300841.SZ
21,600845.SH
22,600212.SH
23,002318.SZ
24,300143.SZ
25,002088.SZ
26,000768.SZ
27,000712.SZ
28,002181.SZ
29,603990.SH
30,600153.SH
31,688310.SH
32,000537.SZ
33,600590.SH
34,688555.SH
35,301248.SZ
36,002075.SZ
37,301316.SZ
38,002277.SZ
39,600644.SH
40,603730.SH
41,605111.SH
42,002408.SZ
43,600121.SH
44,002320.SZ
45,002160.SZ
46,600328.SH
47,688565.SH
48,002850.SZ
49,601328.SH
50,601677.SH
51,605123.SH
52,002245.SZ
53,002120.SZ
54,301081.SZ
55,600537.SH
56,300346.SZ
57,000869.SZ
58,300804.SZ
59,603650.SH
60,600012.SH
61,002044.SZ
62,002150.SZ
63,002313.SZ
64,600533.SH
65,601669.SH
66,002339.SZ
67,601118.SH
68,688026.SH
69,601199.SH
70,600592.SH
71,002897.SZ
72,600863.SH
73,301428.SZ
74,000070.SZ
75,688306.SH
76,002262.SZ
77,603087.SH
78,301291.SZ
79,002038.SZ
80,000050.SZ
81,001896.SZ
82,603529.SH
83,002498.SZ
84,002554.SZ
85,300006.SZ
86,688132.SH
87,600873.SH
88,300263.SZ
89,300353.SZ
90,002649.SZ
91,600339.SH
92,600037.SH
93,002355.SZ
94,002681.SZ
95,600095.SH
96,002064.SZ
97,688326.SH
98,688683.SH
99,300308.SZ
100,301190.SZ
101,002164.SZ
102,301345.SZ
103,603858.SH
104,688215.SH
105,002042.SZ
106,601212.SH
107,000935.SZ
108,601200.SH
109,000488.SZ
110,601929.SH
111,002943.SZ
112,002053.SZ
113,600025.SH
114,600109.SH
115,603799.SH
116,301292.SZ
117,600756.SH
118,000729.SZ
119,002533.SZ
120,600776.SH
121,688233.SH
122,002610.SZ
123,000403.SZ
124,002557.SZ
125,688266.SH
126,688113.SH
127,301373.SZ
128,002508.SZ
129,002275.SZ
130,300923.SZ
131,300182.SZ
132,600529.SH
133,600739.SH
134,300620.SZ
135,600654.SH
136,603368.SH
137,688299.SH
138,688420.SH
139,688155.SH
140,002254.SZ
141,600284.SH
142,002203.SZ
143,300058.SZ
144,300124.SZ
145,300271.SZ
146,600469.SH
147,603938.SH
148,300948.SZ
149,600032.SH
150,600582.SH
151,000818.SZ
152,603826.SH
153,300950.SZ
154,301210.SZ
155,300034.SZ
156,300009.SZ
157,000997.SZ
158,600346.SH
159,002324.SZ
160,300039.SZ
161,603229.SH
162,600691.SH
163,688253.SH
164,000813.SZ
165,301311.SZ
166,002050.SZ
167,301006.SZ
168,600903.SH
169,301309.SZ
170,600487.SH
171,002154.SZ
172,002601.SZ
173,600850.SH
174,601933.SH
175,688097.SH
176,688403.SH
177,002068.SZ
178,002705.SZ
179,601818.SH
180,603138.SH
181,000400.SZ
182,603019.SH
183,002747.SZ
184,600020.SH
185,000623.SZ
186,002238.SZ
187,300834.SZ
188,603283.SH
189,601038.SH
190,600518.SH
191,688018.SH
192,688668.SH
193,300054.SZ
194,300212.SZ
195,002146.SZ
196,002256.SZ
197,300899.SZ
198,688008.SH
199,002283.SZ
200,605208.SH
201,600760.SH
202,688037.SH
203,002737.SZ
204,002911.SZ
205,300976.SZ
206,603328.SH
207,300598.SZ
208,002430.SZ
209,301002.SZ
210,002185.SZ
211,301223.SZ
212,000999.SZ
213,000423.SZ
214,600100.SH
215,002081.SZ
216,002529.SZ
217,300363.SZ
218,600584.SH
219,603078.SH
220,002701.SZ
221,688011.SH
222,688499.SH
223,688318.SH
224,601158.SH
225,000525.SZ
226,002997.SZ
227,002957.SZ
228,000498.SZ
229,002085.SZ
230,601108.SH
231,600941.SH
232,002932.SZ
233,600038.SH
234,300978.SZ
235,688188.SH
236,600418.SH
237,002695.SZ
238,002859.SZ
239,688296.SH
240,600645.SH
241,601949.SH
242,002544.SZ
243,300278.SZ
244,601099.SH
245,301359.SZ
246,000519.SZ
247,000636.SZ
248,688091.SH
249,002547.SZ
250,000006.SZ
251,301171.SZ
252,300088.SZ
253,300601.SZ
254,002269.SZ
255,002863.SZ
256,002142.SZ
257,300299.SZ
258,601991.SH
259,001286.SZ
260,000983.SZ
261,300747.SZ
262,600662.SH
263,600657.SH
264,002003.SZ
265,000598.SZ
266,002555.SZ
267,603663.SH
268,688287.SH
269,300257.SZ
270,600569.SH
271,002032.SZ
272,300463.SZ
273,601377.SH
274,002009.SZ
275,600188.SH
276,000930.SZ
277,600718.SH
278,301009.SZ
279,002837.SZ
280,000928.SZ
281,300042.SZ
282,688646.SH
283,301301.SZ
284,300233.SZ
285,688216.SH
286,002959.SZ
287,000680.SZ
288,301103.SZ
289,603323.SH
290,002383.SZ
291,301128.SZ
292,600428.SH
293,300623.SZ
294,300984.SZ
295,301269.SZ
296,600161.SH
297,600163.SH
298,600993.SH
299,301306.SZ
300,300414.SZ
301,600483.SH
302,688383.SH
303,300876.SZ
304,001979.SZ
305,688059.SH
306,688570.SH
307,300905.SZ
308,300495.SZ
309,688023.SH
310,003021.SZ
311,002400.SZ
312,300994.SZ
313,600496.SH
314,002727.SZ
315,301379.SZ
316,002252.SZ
317,600612.SH
318,300955.SZ
319,601665.SH
320,000676.SZ
321,000996.SZ
322,002426.SZ
323,002532.SZ
324,301017.SZ
325,601162.SH
326,603489.SH
327,601398.SH
328,600143.SH
329,002370.SZ
330,600399.SH
331,301419.SZ
332,002353.SZ
333,688309.SH
334,600616.SH
335,600820.SH
336,002558.SZ
337,601928.SH
338,603507.SH
339,603300.SH
340,300457.SZ
341,600601.SH
342,603882.SH
343,000735.SZ
344,002047.SZ
345,300358.SZ
346,600106.SH
347,688777.SH
348,300953.SZ
349,002191.SZ
350,002369.SZ
351,301230.SZ
352,301361.SZ
353,688236.SH
354,300454.SZ
355,000589.SZ
356,300202.SZ
357,688550.SH
358,002783.SZ
359,300131.SZ
360,002414.SZ
361,601168.SH
362,600359.SH
363,688623.SH
364,000750.SZ
365,002920.SZ
366,300091.SZ
367,000931.SZ
368,301310.SZ
369,688005.SH
370,688698.SH
371,300139.SZ
372,300300.SZ
373,600810.SH
374,600435.SH
375,600502.SH
376,300319.SZ
377,002683.SZ
378,002204.SZ
379,600373.SH
380,300861.SZ
381,600072.SH
382,600704.SH
383,002791.SZ
384,601696.SH
385,002036.SZ
386,300260.SZ
387,601216.SH
388,301110.SZ
389,300005.SZ
390,300685.SZ
391,300951.SZ
392,301234.SZ
393,601001.SH
394,000061.SZ
395,688128.SH
396,002909.SZ
397,600056.SH
398,603039.SH
399,300911.SZ
400,688312.SH
401,002903.SZ
402,301030.SZ
403,601628.SH
404,002596.SZ
405,603696.SH
406,600637.SH
407,300002.SZ
408,603816.SH
409,600611.SH
410,600716.SH
411,301148.SZ
412,301130.SZ
413,688579.SH
414,301299.SZ
415,600325.SH
416,688680.SH
417,002885.SZ
418,000831.SZ
419,000420.SZ
420,600348.SH
421,300975.SZ
422,600620.SH
423,000158.SZ
424,300870.SZ
425,600368.SH
426,600619.SH
427,300320.SZ
428,688277.SH
429,000541.SZ
430,600751.SH
431,601600.SH
432,601577.SH
433,000546.SZ
434,000812.SZ
435,002138.SZ
436,002895.SZ
437,003035.SZ
438,300014.SZ
439,600094.SH
440,301047.SZ
441,600135.SH
442,000533.SZ
443,301121.SZ
444,603008.SH
445,300409.SZ
446,688099.SH
447,688178.SH
448,600996.SH
449,300065.SZ
450,002028.SZ
451,000059.SZ
452,002641.SZ
453,002007.SZ
454,002939.SZ
455,688230.SH
456,601998.SH
457,603369.SH
458,688163.SH
459,688172.SH
460,002460.SZ
461,600186.SH
462,000725.SZ
463,601179.SH
464,002242.SZ
465,002541.SZ
466,688678.SH
467,300133.SZ
468,000401.SZ
469,301082.SZ
470,000791.SZ
471,002013.SZ
472,688368.SH
473,301149.SZ
474,002739.SZ
475,301202.SZ
476,603105.SH
477,601009.SH
478,000600.SZ
479,002452.SZ
480,300883.SZ
481,603605.SH
482,603045.SH
483,600575.SH
484,301239.SZ
485,000811.SZ
486,300129.SZ
487,603733.SH
488,000001.SZ
489,600209.SH
490,300505.SZ
491,002006.SZ
492,301187.SZ
493,300115.SZ
494,603393.SH
495,600071.SH
496,600802.SH
497,300343.SZ
498,002298.SZ
499,688290.SH
500,002657.SZ
501,301212.SZ
502,300803.SZ
503,002936.SZ
504,300940.SZ
505,300986.SZ
506,301238.SZ
507,301235.SZ
508,601268.SH
509,603602.SH
510,000418.SZ
511,600639.SH
512,603179.SH
513,688187.SH
514,688272.SH
515,688516.SH
516,000035.SZ
517,000301.SZ
518,600236.SH
519,600581.SH
520,688088.SH
521,688223.SH
522,688171.SH
523,300077.SZ
524,600879.SH
525,002631.SZ
526,300019.SZ
527,688239.SH
528,002258.SZ
529,688197.SH
530,688410.SH
531,000982.SZ
532,002129.SZ
533,600375.SH
534,301157.SZ
535,600026.SH
536,002445.SZ
537,000426.SZ
538,000875.SZ
539,002019.SZ
540,600218.SH
541,600976.SH
542,603997.SH
543,002455.SZ
544,301179.SZ
545,002505.SZ
546,600350.SH
547,688251.SH
548,300567.SZ
549,688371.SH
550,300073.SZ
551,002217.SZ
552,600987.SH
553,002202.SZ
554,301086.SZ
555,600543.SH
556,600322.SH
557,600035.SH
558,300232.SZ
559,300820.SZ
560,000090.SZ
561,603777.SH
562,600259.SH
563,601016.SH
564,600266.SH
565,301088.SZ
566,301011.SZ
567,002304.SZ
568,301307.SZ
569,600596.SH
570,603915.SH
571,002860.SZ
572,600278.SH
573,601065.SH
574,002847.SZ
575,300973.SZ
576,301096.SZ
577,300033.SZ
578,600184.SH
579,600145.SH
580,603083.SH
581,301216.SZ
582,002080.SZ
583,603399.SH
584,002520.SZ
585,300907.SZ
586,601816.SH
587,601615.SH
588,300101.SZ
589,002135.SZ
590,688267.SH
591,688506.SH
592,600780.SH
593,301277.SZ
594,603126.SH
595,300657.SZ
596,600855.SH
597,301008.SZ
598,600548.SH
599,002041.SZ
600,688100.SH
601,301365.SZ
602,002192.SZ
603,688090.SH
604,688210.SH
605,688511.SH
606,603113.SH
607,603803.SH
608,301367.SZ
609,301029.SZ
610,002091.SZ
611,300726.SZ
612,301072.SZ
613,002310.SZ
614,688213.SH
615,301261.SZ
616,300123.SZ
617,603195.SH
618,300618.SZ
619,000031.SZ
620,301305.SZ
621,002501.SZ
622,300342.SZ
623,002405.SZ
624,601066.SH
625,001289.SZ
626,002782.SZ
627,301027.SZ
628,301232.SZ
629,600410.SH
630,603070.SH
631,688117.SH
632,688382.SH
633,002626.SZ
634,301188.SZ
635,600894.SH
636,601588.SH
637,002221.SZ
638,301257.SZ
639,600510.SH
640,002958.SZ
641,600446.SH
642,300900.SZ
643,300116.SZ
644,600028.SH
645,600108.SH
646,301135.SZ
647,600432.SH
648,300672.SZ
649,000410.SZ
650,000788.SZ
651,301456.SZ
652,301276.SZ
653,600598.SH
654,000415.SZ
655,002490.SZ
656,300972.SZ
657,000066.SZ
658,601608.SH
659,600649.SH
660,000926.SZ
661,002537.SZ
662,000159.SZ
663,002738.SZ
664,300379.SZ
665,300393.SZ
666,600771.SH
667,600221.SH
668,600329.SH
669,688626.SH
670,300966.SZ
671,688595.SH
672,000562.SZ
673,300612.SZ
674,000538.SZ
675,300031.SZ
676,002461.SZ
677,600567.SH
678,000829.SZ
679,300189.SZ
680,002233.SZ
681,600604.SH
682,688350.SH
683,300261.SZ
684,300888.SZ
685,688521.SH
686,002507.SZ
687,000902.SZ
688,601886.SH
689,300256.SZ
690,688305.SH
691,688381.SH
692,688793.SH
693,002733.SZ
694,002966.SZ
695,301226.SZ
696,300634.SZ
697,301518.SZ
698,688536.SH
699,600198.SH
700,301439.SZ
701,600893.SH
702,300413.SZ
703,300052.SZ
704,002070.SZ
705,002176.SZ
706,300041.SZ
707,603010.SH
708,688115.SH
709,600759.SH
710,600276.SH
711,002386.SZ
712,301318.SZ
713,605366.SH
714,600901.SH
715,000627.SZ
716,002617.SZ
717,002549.SZ
718,000042.SZ
719,688229.SH
720,002410.SZ
721,601299.SH
722,600837.SH
723,301005.SZ
724,002267.SZ
725,002015.SZ
726,002454.SZ
727,301278.SZ
728,000408.SZ
729,600818.SH
730,300079.SZ
731,600732.SH
732,002155.SZ
733,600545.SH
734,688098.SH
735,000665.SZ
736,688425.SH
737,301087.SZ
738,002069.SZ
739,300475.SZ
740,600326.SH
741,688095.SH
742,002079.SZ
743,600068.SH
744,002595.SZ
745,600273.SH
746,002579.SZ
747,300502.SZ
748,301127.SZ
749,688475.SH
750,688602.SH
751,300443.SZ
752,603899.SH
753,300479.SZ
754,002128.SZ
755,688981.SH
756,003031.SZ
757,601228.SH
758,002689.SZ
759,688567.SH
760,301113.SZ
761,601865.SH
762,688616.SH
763,600169.SH
764,300245.SZ
765,603015.SH
766,002132.SZ
767,300566.SZ
768,600684.SH
769,688016.SH
770,301182.SZ
771,000151.SZ
772,600176.SH
773,601916.SH
774,301488.SZ
775,601939.SH
776,300208.SZ
777,600191.SH
778,002039.SZ
779,002112.SZ
780,603198.SH
781,300194.SZ
782,601997.SH
783,600433.SH
784,600677.SH
785,688186.SH
786,000043.SZ
787,300487.SZ
788,301317.SZ
789,600299.SH
790,300981.SZ
791,301169.SZ
792,603800.SH
793,002493.SZ
794,002438.SZ
795,300832.SZ
796,301057.SZ
797,688035.SH
798,688699.SH
799,300378.SZ
800,301260.SZ
801,000099.SZ
802,301172.SZ
803,301281.SZ
804,002556.SZ
805,600827.SH
806,601058.SH
807,000065.SZ
808,603688.SH
809,000567.SZ
810,300774.SZ
811,600459.SH
812,688157.SH
813,600378.SH
814,600737.SH
815,600906.SH
816,000709.SZ
817,002061.SZ
818,600919.SH
819,002071.SZ
820,000848.SZ
821,601019.SH
822,600838.SH
823,688485.SH
824,603218.SH
825,688613.SH
826,301077.SZ
827,301136.SZ
828,300429.SZ
829,603963.SH
830,688659.SH
831,301368.SZ
832,002444.SZ
833,601169.SH
834,000560.SZ
835,301356.SZ
836,600467.SH
837,600532.SH
838,688297.SH
839,688067.SH
840,688398.SH
841,688073.SH
842,600918.SH
843,688302.SH
844,301217.SZ
845,301270.SZ
846,688070.SH
847,688408.SH
848,300296.SZ
849,301105.SZ
850,002810.SZ
851,300078.SZ
852,600536.SH
853,600763.SH
854,002807.SZ
855,300144.SZ
856,600703.SH
857,600340.SH
858,688551.SH
859,688166.SH
860,301109.SZ
861,600572.SH
862,002201.SZ
863,001324.SZ
864,605358.SH
865,600641.SH
866,600470.SH
867,688585.SH
868,002004.SZ
869,300203.SZ
870,600626.SH
871,600420.SH
872,603866.SH
873,002703.SZ
874,002821.SZ
875,605499.SH
876,600146.SH
877,300881.SZ
878,300183.SZ
879,301308.SZ
880,600157.SH
881,600795.SH
882,002892.SZ
883,600305.SH
884,000903.SZ
885,600599.SH
886,603416.SH
887,300893.SZ
888,301063.SZ
889,603708.SH
890,600104.SH
891,688125.SH
892,002796.SZ
893,300909.SZ
894,301312.SZ
895,002745.SZ
896,601918.SH
897,300693.SZ
898,002583.SZ
899,300074.SZ
900,601519.SH
901,600076.SH
902,002270.SZ
903,002906.SZ
904,600916.SH
905,002563.SZ
906,301033.SZ
907,002709.SZ
908,688007.SH
909,600392.SH
910,000069.SZ
911,000413.SZ
912,002773.SZ
913,000685.SZ
914,600246.SH
915,600618.SH
916,688321.SH
917,600260.SH
918,600039.SH
919,600516.SH
920,002373.SZ
921,002650.SZ
922,000917.SZ
923,688003.SH
924,300918.SZ
925,300205.SZ
926,300890.SZ
927,301255.SZ
928,600268.SH
929,688323.SH
930,301166.SZ
931,601113.SH
932,300762.SZ
933,002385.SZ
934,000932.SZ
935,300825.SZ
936,688498.SH
937,301195.SZ
938,600093.SH
939,601995.SH
940,000545.SZ
941,600908.SH
942,002235.SZ
943,600674.SH
944,002005.SZ
945,300228.SZ
946,301061.SZ
947,300170.SZ
948,000961.SZ
949,000506.SZ
950,002232.SZ
951,603363.SH
952,688083.SH
953,301139.SZ
954,300122.SZ
955,603636.SH
956,688246.SH
957,688459.SH
958,600825.SH
959,002171.SZ
960,000737.SZ
961,300450.SZ
962,300949.SZ
963,000922.SZ
964,000040.SZ
965,002139.SZ
966,301160.SZ
967,300316.SZ
968,688617.SH
969,600499.SH
970,688359.SH
971,603718.SH
972,300337.SZ
973,301129.SZ
974,002161.SZ
975,300118.SZ
976,688192.SH
977,002424.SZ
978,600609.SH
979,601878.SH
980,002429.SZ
981,603197.SH
982,002985.SZ
983,688338.SH
984,600643.SH
985,600808.SH
986,600376.SH
987,002246.SZ
988,603396.SH
989,600088.SH
990,300171.SZ
991,300882.SZ
992,301358.SZ
993,000029.SZ
994,688520.SH
995,688010.SH
996,688112.SH
997,600078.SH
998,002623.SZ
999,600282.SH
1000,000937.SZ
1001,002568.SZ
1002,688053.SH
1003,600550.SH
1004,600201.SH
1005,000969.SZ
1006,600909.SH
1007,603103.SH
1008,300223.SZ
1009,002667.SZ
1010,300527.SZ
1011,000938.SZ
1012,301025.SZ
1013,301211.SZ
1014,301378.SZ
1015,301120.SZ
1016,002437.SZ
1017,688788.SH
1018,000893.SZ
1019,301446.SZ
1020,002938.SZ
1021,600805.SH
1022,603027.SH
1023,600425.SH
1024,000913.SZ
1025,300915.SZ
1026,002812.SZ
1027,300770.SZ
1028,300759.SZ
1029,300901.SZ
1030,688334.SH
1031,300887.SZ
1032,002148.SZ
1033,600058.SH
1034,603279.SH
1035,002912.SZ
1036,300397.SZ
1037,300038.SZ
1038,600580.SH
1039,301233.SZ
1040,000652.SZ
1041,603712.SH
1042,002561.SZ
1043,301366.SZ
1044,688082.SH
1045,688126.SH
1046,600207.SH
1047,688392.SH
1048,688158.SH
1049,002358.SZ
1050,002412.SZ
1051,301019.SZ
1052,601003.SH
1053,002585.SZ
1054,601901.SH
1055,688539.SH
1056,002567.SZ
1057,301229.SZ
1058,002273.SZ
1059,301021.SZ
1060,300366.SZ
1061,600770.SH
1062,600707.SH
1063,002195.SZ
1064,300745.SZ
1065,603055.SH
1066,603051.SH
1067,002210.SZ
1068,301209.SZ
1069,600495.SH
1070,301337.SZ
1071,300007.SZ
1072,601012.SH
1073,603018.SH
1074,002594.SZ
1075,000516.SZ
1076,002285.SZ
1077,000838.SZ
1078,002636.SZ
1079,600809.SH
1080,301161.SZ
1081,301448.SZ
1082,603119.SH
1083,600733.SH
1084,301205.SZ
1085,688080.SH
1086,688286.SH
1087,603125.SH
1088,688102.SH
1089,000025.SZ
1090,002612.SZ
1091,600004.SH
1092,688028.SH
1093,688518.SH
1094,600783.SH
1095,002131.SZ
1096,000402.SZ
1097,688419.SH
1098,300769.SZ
1099,688328.SH
1100,000758.SZ
1101,301227.SZ
1102,300653.SZ
1103,600876.SH
1104,688320.SH
1105,688722.SH
1106,600559.SH
1107,600764.SH
1108,301280.SZ
1109,002104.SZ
1110,301289.SZ
1111,601688.SH
1112,300099.SZ
1113,000626.SZ
1114,600222.SH
1115,688607.SH
1116,688611.SH
1117,000681.SZ
1118,300066.SZ
1119,688295.SH
1120,002624.SZ
1121,000060.SZ
1122,002300.SZ
1123,300498.SZ
1124,301360.SZ
1125,301519.SZ
1126,688630.SH
1127,603317.SH
1128,002354.SZ
1129,300026.SZ
1130,603920.SH
1131,300451.SZ
1132,300395.SZ
1133,301246.SZ
1134,002697.SZ
1135,002534.SZ
1136,300741.SZ
1137,000559.SZ
1138,603305.SH
1139,002630.SZ
1140,301112.SZ
1141,600740.SH
1142,002301.SZ
1143,000973.SZ
1144,600090.SH
1145,603713.SH
1146,600048.SH
1147,301499.SZ
1148,603137.SH
1149,688130.SH
1150,600511.SH
1151,603707.SH
1152,000799.SZ
1153,000966.SZ
1154,600624.SH
1155,601139.SH
1156,301353.SZ
1157,002382.SZ
1158,688252.SH
1159,688180.SH
1160,600597.SH
1161,300960.SZ
1162,300943.SZ
1163,002180.SZ
1164,002229.SZ
1165,002523.SZ
1166,300012.SZ
1167,003039.SZ
1168,300302.SZ
1169,300352.SZ
1170,300942.SZ
1171,301236.SZ
1172,301377.SZ
1173,600766.SH
1174,688118.SH
1175,603025.SH
1176,301370.SZ
1177,000802.SZ
1178,600031.SH
1179,301237.SZ
1180,688275.SH
1181,688001.SH
1182,688292.SH
1183,688159.SH
1184,601872.SH
1185,688766.SH
1186,600162.SH
1187,600745.SH
1188,600681.SH
1189,600765.SH
1190,601825.SH
1191,301031.SZ
1192,300912.SZ
1193,688376.SH
1194,002901.SZ
1195,603588.SH
1196,301066.SZ
1197,601311.SH
1198,002960.SZ
1199,000338.SZ
1200,601136.SH
1201,002025.SZ
1202,300967.SZ
1203,688150.SH
1204,300866.SZ
1205,688061.SH
1206,603626.SH
1207,002401.SZ
1208,300964.SZ
1209,603883.SH
1210,600877.SH
1211,000100.SZ
1212,300348.SZ
1213,301010.SZ
1214,601988.SH
1215,600600.SH
1216,603129.SH
1217,600077.SH
1218,002169.SZ
1219,688139.SH
1220,000596.SZ
1221,000555.SZ
1222,688212.SH
1223,688562.SH
1224,000039.SZ
1225,601689.SH
1226,000921.SZ
1227,600006.SH
1228,603885.SH
1229,600229.SH
1230,300174.SZ
1231,600523.SH
1232,300406.SZ
1233,600409.SH
1234,301018.SZ
1235,300081.SZ
1236,601698.SH
1237,000950.SZ
1238,600708.SH
1239,688343.SH
1240,301038.SZ
1241,601238.SH
1242,688628.SH
1243,301338.SZ
1244,600938.SH
1245,300682.SZ
1246,301219.SZ
1247,600320.SH
1248,600237.SH
1249,000733.SZ
1250,600271.SH
1251,688184.SH
1252,300750.SZ
1253,601952.SH
1254,601138.SH
1255,603297.SH
1256,300992.SZ
1257,600705.SH
1258,300916.SZ
1259,688122.SH
1260,603936.SH
1261,002026.SZ
1262,301259.SZ
1263,300022.SZ
1264,300868.SZ
1265,002475.SZ
1266,000719.SZ
1267,300963.SZ
1268,601718.SH
1269,300776.SZ
1270,301486.SZ
1271,301371.SZ
1272,300873.SZ
1273,300326.SZ
1274,600303.SH
1275,002843.SZ
1276,002389.SZ
1277,301319.SZ
1278,601111.SH
1279,688685.SH
1280,688268.SH
1281,688136.SH
1282,688508.SH
1283,300327.SZ
1284,601226.SH
1285,300134.SZ
1286,000517.SZ
1287,688193.SH
1288,688329.SH
1289,688012.SH
1290,300285.SZ
1291,601028.SH
1292,688443.SH
1293,688737.SH
1294,000708.SZ
1295,300993.SZ
1296,600208.SH
1297,300367.SZ
1298,603260.SH
1299,000581.SZ
1300,603167.SH
1301,002043.SZ
1302,002141.SZ
1303,000883.SZ
1304,301015.SZ
1305,603959.SH
1306,000878.SZ
1307,600405.SH
1308,300273.SZ
1309,300938.SZ
1310,603085.SH
1311,300931.SZ
1312,301095.SZ
1313,600008.SH
1314,002415.SZ
1315,000800.SZ
1316,002665.SZ
1317,603318.SH
1318,600390.SH
1319,600617.SH
1320,300251.SZ
1321,601866.SH
1322,301256.SZ
1323,002367.SZ
1324,000858.SZ
1325,000756.SZ
1326,600869.SH
1327,603737.SH
1328,301156.SZ
1329,601360.SH
1330,002716.SZ
1331,301122.SZ
1332,300059.SZ
1333,600521.SH
1334,002474.SZ
1335,300298.SZ
1336,002325.SZ
1337,600789.SH
1338,688533.SH
1339,688004.SH
1340,603227.SH
1341,000762.SZ
1342,300287.SZ
1343,300889.SZ
1344,000885.SZ
1345,688362.SH
1346,603639.SH
1347,688086.SH
1348,601225.SH
1349,002478.SZ
1350,300997.SZ
1351,000726.SZ
1352,300226.SZ
1353,301099.SZ
1354,600400.SH
1355,603185.SH
1356,001270.SZ
1357,002548.SZ
1358,601899.SH
1359,605168.SH
1360,002151.SZ
1361,300913.SZ
1362,600570.SH
1363,300130.SZ
1364,601985.SH
1365,688248.SH
1366,300844.SZ
1367,002965.SZ
1368,000530.SZ
1369,002027.SZ
1370,300055.SZ
1371,688351.SH
1372,000852.SZ
1373,688385.SH
1374,601799.SH
1375,688190.SH
1376,300104.SZ
1377,603538.SH
1378,300648.SZ
1379,002571.SZ
1380,603628.SH
1381,600557.SH
1382,688153.SH
1383,300630.SZ
1384,300474.SZ
1385,601399.SH
1386,688046.SH
1387,688105.SH
1388,601828.SH
1389,301363.SZ
1390,000058.SZ
1391,300681.SZ
1392,301200.SZ
1393,000783.SZ
1394,688205.SH
1395,002536.SZ
1396,603568.SH
1397,688377.SH
1398,688581.SH
1399,688711.SH
1400,000819.SZ
1401,002928.SZ
1402,600563.SH
1403,000828.SZ
1404,603766.SH
1405,301175.SZ
1406,603118.SH
1407,600388.SH
1408,688768.SH
1409,002600.SZ
1410,600251.SH
1411,000716.SZ
1412,600871.SH
1413,688269.SH
1414,688566.SH
1415,603890.SH
1416,688335.SH
1417,002464.SZ
1418,002574.SZ
1419,002048.SZ
1420,000958.SZ
1421,300906.SZ
1422,600210.SH
1423,603786.SH
1424,000825.SZ
1425,600382.SH
1426,300080.SZ
1427,002840.SZ
1428,600061.SH
1429,002607.SZ
1430,301315.SZ
1431,300921.SZ
1432,301150.SZ
1433,600452.SH
1434,600977.SH
1435,300114.SZ
1436,003040.SZ
1437,688017.SH
1438,603508.SH
1439,688319.SH
1440,603658.SH
1441,002640.SZ
1442,600668.SH
1443,000030.SZ
1444,688665.SH
1445,300207.SZ
1446,600310.SH
1447,603329.SH
1448,603042.SH
1449,601678.SH
1450,600415.SH
1451,601319.SH
1452,301387.SZ
1453,601231.SH
1454,600285.SH
1455,300472.SZ
1456,000789.SZ
1457,688556.SH
1458,600287.SH
1459,600158.SH
1460,600975.SH
1461,002344.SZ
1462,600107.SH
1463,002008.SZ
1464,600754.SH
1465,300525.SZ
1466,002511.SZ
1467,300258.SZ
1468,002115.SZ
1469,301106.SZ
1470,000786.SZ
1471,002470.SZ
1472,600742.SH
1473,688063.SH
1474,600695.SH
1475,300867.SZ
1476,688179.SH
1477,000839.SZ
1478,600832.SH
1479,002368.SZ
1480,688255.SH
1481,600297.SH
1482,300712.SZ
1483,601005.SH
1484,600881.SH
1485,600747.SH
1486,300855.SZ
1487,688432.SH
1488,301165.SZ
1489,600149.SH
1490,688627.SH
1491,002291.SZ
1492,601808.SH
1493,688129.SH
1494,600133.SH
1495,688590.SH
1496,600336.SH
1497,300558.SZ
1498,300322.SZ
1499,003022.SZ
1500,600226.SH
1501,600050.SH
1502,688661.SH
1503,600177.SH
1504,301262.SZ
1505,600588.SH
1506,688027.SH
1507,300015.SZ
1508,000667.SZ
1509,600309.SH
1510,600835.SH
1511,603005.SH
1512,688041.SH
1513,002057.SZ
1514,603698.SH
1515,600436.SH
1516,688121.SH
1517,688676.SH
1518,300109.SZ
1519,000022.SZ
1520,300010.SZ
1521,300898.SZ
1522,002168.SZ
1523,600118.SH
1524,300872.SZ
1525,688358.SH
1526,600652.SH
1527,301043.SZ
1528,688690.SH
1529,002054.SZ
1530,002153.SZ
1531,301051.SZ
1532,688050.SH
1533,600528.SH
1534,002706.SZ
1535,600381.SH
1536,603727.SH
1537,688569.SH
1538,600583.SH
1539,002321.SZ
1540,600086.SH
1541,688356.SH
1542,603719.SH
1543,688203.SH
1544,301036.SZ
1545,300147.SZ
1546,300926.SZ
1547,000860.SZ
1548,000657.SZ
1549,688065.SH
1550,300433.SZ
1551,601611.SH
1552,301282.SZ
1553,600978.SH
1554,688259.SH
1555,603319.SH
1556,000536.SZ
1557,600389.SH
1558,603308.SH
1559,301196.SZ
1560,603566.SH
1561,688311.SH
1562,688336.SH
1563,000959.SZ
1564,301178.SZ
1565,002935.SZ
1566,002545.SZ
1567,300998.SZ
1568,301468.SZ
1569,601702.SH
1570,688486.SH
1571,600755.SH
1572,601857.SH
1573,002539.SZ
1574,603876.SH
1575,688182.SH
1576,600571.SH
1577,300390.SZ
1578,688535.SH
1579,300751.SZ
1580,688681.SH
1581,300748.SZ
1582,688234.SH
1583,601101.SH
1584,000505.SZ
1585,002476.SZ
1586,000732.SZ
1587,688006.SH
1588,688589.SH
1589,600959.SH
1590,300168.SZ
1591,688020.SH
1592,600929.SH
1593,688151.SH
1594,300128.SZ
1595,603456.SH
1596,688325.SH
1597,600667.SH
1598,301376.SZ
1599,603267.SH
1600,301220.SZ
1601,301186.SZ
1602,000150.SZ
1603,002524.SZ
1604,300347.SZ
1605,002056.SZ
1606,301357.SZ
1607,600111.SH
1608,002527.SZ
1609,600884.SH
1610,300085.SZ
1611,688507.SH
1612,301332.SZ
1613,688273.SH
1614,688093.SH
1615,300904.SZ
1616,300416.SZ
1617,000551.SZ
1618,002831.SZ
1619,000428.SZ
1620,301050.SZ
1621,301252.SZ
1622,600489.SH
1623,600330.SH
1624,002293.SZ
1625,300886.SZ
1626,600298.SH
1627,600602.SH
1628,600720.SH
1629,688019.SH
1630,002329.SZ
1631,002483.SZ
1632,600501.SH
1633,601006.SH
1634,002371.SZ
1635,688352.SH
1636,000616.SZ
1637,600316.SH
1638,300049.SZ
1639,603993.SH
1640,300767.SZ
1641,301396.SZ
1642,600119.SH
1643,600321.SH
1644,300782.SZ
1645,688426.SH
1646,002521.SZ
1647,002230.SZ
1648,000544.SZ
1649,000988.SZ
1650,000631.SZ
1651,000793.SZ
1652,688201.SH
1653,603477.SH
1654,688078.SH
1655,601015.SH
1656,688450.SH
1657,600481.SH
1658,688218.SH
1659,002287.SZ
1660,688478.SH
1661,301163.SZ
1662,300908.SZ
1663,301228.SZ
1664,002425.SZ
1665,688207.SH
1666,688185.SH
1667,688202.SH
1668,601390.SH
1669,300398.SZ
1670,002317.SZ
1671,002565.SZ
1672,601117.SH
1673,301118.SZ
1674,000686.SZ
1675,300884.SZ
1676,002342.SZ
1677,000552.SZ
1678,600800.SH
1679,600123.SH
1680,600565.SH
1681,000048.SZ
1682,002077.SZ
1683,002947.SZ
1684,600027.SH
1685,000998.SZ
1686,301151.SZ
1687,300113.SZ
1688,600797.SH
1689,601211.SH
1690,300952.SZ
1691,002190.SZ
1692,601838.SH
1693,688469.SH
1694,301090.SZ
1695,688458.SH
1696,002243.SZ
1697,601728.SH
1698,002101.SZ
1699,300456.SZ
1700,688655.SH
1701,300098.SZ
1702,300401.SZ
1703,300945.SZ
1704,600635.SH
1705,603515.SH
1706,000046.SZ
1707,601208.SH
1708,601658.SH
1709,301388.SZ
1710,300827.SZ
1711,300569.SZ
1712,301323.SZ
1713,603867.SH
1714,688221.SH
1715,688189.SH
1716,002031.SZ
1717,688557.SH
1718,000933.SZ
1719,301116.SZ
1720,603985.SH
1721,688237.SH
1722,301333.SZ
1723,688798.SH
1724,600900.SH
1725,600956.SH
1726,000617.SZ
1727,000156.SZ
1728,300415.SZ
1729,603063.SH
1730,600363.SH
1731,301399.SZ
1732,002589.SZ
1733,301321.SZ
1734,300725.SZ
1735,600114.SH
1736,002177.SZ
1737,300604.SZ
1738,600022.SH
1739,688525.SH
1740,300166.SZ
1741,301192.SZ
1742,688429.SH
1743,600267.SH
1744,601989.SH
1745,600228.SH
1746,300083.SZ
1747,600367.SH
1748,600485.SH
1749,600333.SH
1750,002685.SZ
1751,002118.SZ
1752,300075.SZ
1753,301078.SZ
1754,300229.SZ
1755,300356.SZ
1756,688133.SH
1757,600172.SH
1758,002662.SZ
1759,688165.SH
1760,002350.SZ
1761,001367.SZ
1762,002647.SZ
1763,002167.SZ
1764,600655.SH
1765,600171.SH
1766,002016.SZ
1767,603690.SH
1768,688138.SH
1769,688496.SH
1770,603222.SH
1771,601900.SH
1772,002001.SZ
1773,002741.SZ
1774,300990.SZ
1775,688519.SH
1776,300959.SZ
1777,002219.SZ
1778,601229.SH
1779,600307.SH
1780,301268.SZ
1781,600113.SH
1782,600238.SH
1783,688209.SH
1784,688365.SH
1785,300274.SZ
1786,000568.SZ
1787,002124.SZ
1788,002449.SZ
1789,603335.SH
1790,002915.SZ
1791,688568.SH
1792,688439.SH
1793,600661.SH
1794,600187.SH
1795,300879.SZ
1796,002251.SZ
1797,002099.SZ
1798,600741.SH
1799,688538.SH
1800,301267.SZ
1801,688196.SH
1802,000584.SZ
1803,002729.SZ
1804,300476.SZ
1805,600062.SH
1806,688399.SH
1807,301059.SZ
1808,300850.SZ
1809,601011.SH
1810,000830.SZ
1811,603299.SH
1812,002126.SZ
1813,300477.SZ
1814,600270.SH
1815,301089.SZ
1816,000002.SZ
1817,300639.SZ
1818,600702.SH
1819,603377.SH
1820,603619.SH
1821,688079.SH
1822,000755.SZ
1823,300496.SZ
1824,300722.SZ
1825,000056.SZ
1826,600160.SH
1827,601778.SH
1828,688639.SH
1829,002215.SZ
1830,600748.SH
1831,600761.SH
1832,300249.SZ
1833,600292.SH
1834,600594.SH
1835,603660.SH
1836,600552.SH
1837,688228.SH
1838,688651.SH
1839,002431.SZ
1840,600711.SH
1841,000565.SZ
1842,300596.SZ
1843,600345.SH
1844,300493.SZ
1845,000591.SZ
1846,000810.SZ
1847,002987.SZ
1848,301152.SZ
1849,301123.SZ
1850,601619.SH
1851,688345.SH
1852,688127.SH
1853,688208.SH
1854,688718.SH
1855,600018.SH
1856,600803.SH
1857,002876.SZ
1858,688260.SH
1859,001914.SZ
1860,002526.SZ
1861,301183.SZ
1862,300507.SZ
1863,301193.SZ
1864,688528.SH
1865,688206.SH
1866,601336.SH
1867,688337.SH
1868,000503.SZ
1869,301068.SZ
1870,300627.SZ
1871,600997.SH
1872,300679.SZ
1873,301203.SZ
1874,301141.SZ
1875,688303.SH
1876,301132.SZ
1877,002060.SZ
1878,301138.SZ
1879,300929.SZ
1880,600549.SH
1881,601958.SH
1882,301189.SZ
1883,300573.SZ
1884,300700.SZ
1885,300661.SZ
1886,603330.SH
1887,002419.SZ
1888,600606.SH
1889,600773.SH
1890,601898.SH
1891,601766.SH
1892,688270.SH
1893,603306.SH
1894,600252.SH
1895,300568.SZ
1896,603919.SH
1897,600610.SH
1898,300185.SZ
1899,301013.SZ
1900,688553.SH
1901,301198.SZ
1902,688662.SH
1903,002648.SZ
1904,300149.SZ
1905,300894.SZ
1906,688636.SH
1907,002621.SZ
1908,000897.SZ
1909,002746.SZ
1910,600660.SH
1911,600851.SH
1912,002916.SZ
1913,688175.SH
1914,688219.SH
1915,300869.SZ
1916,002805.SZ
1917,002603.SZ
1918,600196.SH
1919,002577.SZ
1920,600301.SH
1921,600408.SH
1922,301023.SZ
1923,601233.SH
1924,603567.SH
1925,301108.SZ
1926,002030.SZ
1927,300709.SZ
1928,002469.SZ
1929,603233.SH
1930,000912.SZ
1931,300863.SZ
1932,688366.SH
1933,600676.SH
1934,603067.SH
1935,600804.SH
1936,301039.SZ
1937,600166.SH
1938,601288.SH
1939,603191.SH
1940,600127.SH
1941,688671.SH
1942,301045.SZ
1943,601133.SH
1944,600477.SH
1945,603128.SH
1946,600882.SH
1947,688072.SH
1948,688232.SH
1949,301266.SZ
1950,688526.SH
1951,300768.SZ
1952,300765.SZ
1953,000582.SZ
1954,002841.SZ
1955,688663.SH
1956,002352.SZ
1957,600965.SH
1958,601128.SH
1959,600846.SH
1960,603986.SH
1961,600057.SH
1962,688378.SH
1963,600633.SH
1964,601298.SH
1965,301055.SZ
1966,603236.SH
1967,603387.SH
1968,300339.SZ
1969,002984.SZ
1970,002152.SZ
1971,601881.SH
1972,603982.SH
1973,002608.SZ
1974,000155.SZ
1975,002597.SZ
1976,688778.SH
1977,002049.SZ
1978,300930.SZ
1979,600547.SH
1980,601607.SH
1981,002832.SZ
1982,600075.SH
1983,000776.SZ
1984,300087.SZ
1985,688682.SH
1986,002272.SZ
1987,300267.SZ
1988,002011.SZ
1989,601236.SH
1990,603172.SH
1991,300628.SZ
1992,688033.SH
1993,300561.SZ
1994,301395.SZ
1995,603100.SH
1996,600722.SH
1997,002756.SZ
1998,688315.SH
1999,300236.SZ
2000,300878.SZ
2001,601116.SH
2002,688110.SH
2003,600387.SH
2004,301329.SZ
2005,601801.SH
2006,600728.SH
2007,000780.SZ
2008,600353.SH
2009,688638.SH
2010,002338.SZ
2011,002002.SZ
2012,300197.SZ
2013,000603.SZ
2014,600170.SH
2015,002249.SZ
2016,300775.SZ
2017,601258.SH
2018,688355.SH
2019,000012.SZ
2020,688489.SH
2021,600352.SH
2022,301037.SZ
2023,603888.SH
2024,000417.SZ
2025,301062.SZ
2026,688522.SH
2027,688517.SH
2028,601008.SH
2029,688633.SH
2030,000976.SZ
2031,002022.SZ
2032,300602.SZ
2033,002512.SZ
2034,002489.SZ
2035,300589.SZ
2036,000889.SZ
2037,300432.SZ
2038,603583.SH
2039,600139.SH
2040,300891.SZ
2041,300324.SZ
2042,000801.SZ
2043,600822.SH
2044,688571.SH
2045,300383.SZ
2046,600577.SH
2047,000707.SZ
2048,002422.SZ
2049,000088.SZ
2050,300090.SZ
2051,301012.SZ
2052,000593.SZ
2053,600448.SH
2054,603301.SH
2055,600663.SH
2056,300962.SZ
2057,002645.SZ
2058,301225.SZ
2059,600168.SH
2060,600831.SH
2061,300520.SZ
2062,601002.SH
2063,000566.SZ
2064,688293.SH
2065,000166.SZ
2066,300740.SZ
2067,600261.SH
2068,600017.SH
2069,600867.SH
2070,688283.SH
2071,300125.SZ
2072,000987.SZ
2073,603223.SH
2074,603681.SH
2075,000739.SZ
2076,600979.SH
2077,002095.SZ
2078,002284.SZ
2079,002926.SZ
2080,600868.SH
2081,603188.SH
2082,688307.SH
2083,601996.SH
2084,002110.SZ
2085,000656.SZ
2086,300699.SZ
2087,002261.SZ
2088,600486.SH
2089,603806.SH
2090,688728.SH
2091,688181.SH
2092,300983.SZ
2093,300094.SZ
2094,002189.SZ
2095,301022.SZ
2096,600517.SH
2097,688022.SH
2098,000630.SZ
2099,600179.SH
2100,300003.SZ
2101,300179.SZ
2102,688687.SH
2103,300017.SZ
2104,600859.SH
2105,300919.SZ
2106,000850.SZ
2107,688170.SH
2108,002466.SZ
2109,688577.SH
2110,688622.SH
2111,002434.SZ
2112,601088.SH
2113,600801.SH
2114,300671.SZ
2115,600105.SH
2116,301093.SZ
2117,600000.SH
2118,601100.SH
2119,688198.SH
2120,000607.SZ
2121,300920.SZ
2122,600173.SH
2123,600269.SH
2124,603056.SH
2125,301028.SZ
2126,600686.SH
2127,002913.SZ
2128,002570.SZ
2129,688389.SH
2130,002281.SZ
2131,002456.SZ
2132,603738.SH
2133,002465.SZ
2134,600066.SH
2135,688235.SH
2136,002411.SZ
2137,600905.SH
2138,301035.SZ
2139,603220.SH
2140,688177.SH
2141,600300.SH
2142,605020.SH
2143,300216.SZ
2144,002024.SZ
2145,300663.SZ
2146,600507.SH
2147,600790.SH
2148,603979.SH
2149,601163.SH
2150,688523.SH
2151,000960.SZ
2152,688772.SH
2153,000807.SZ
2154,688258.SH
2155,000915.SZ
2156,300581.SZ
2157,002268.SZ
2158,002119.SZ
2159,002467.SZ
2160,300980.SZ
2161,600958.SH
2162,600311.SH
2163,688227.SH
2164,301126.SZ
2165,300297.SZ
2166,002166.SZ
2167,603032.SH
2168,600120.SH
2169,301503.SZ
2170,301159.SZ
2171,688169.SH
2172,002447.SZ
2173,688363.SH
2174,301509.SZ
2175,301003.SZ
2176,688658.SH
2177,600556.SH
2178,300761.SZ
2179,688119.SH
2180,688249.SH
2181,301296.SZ
2182,601318.SH
2183,002519.SZ
2184,688372.SH
2185,600750.SH
2186,301320.SZ
2187,601068.SH
2188,300018.SZ
2189,600839.SH
2190,002349.SZ
2191,002506.SZ
2192,002441.SZ
2193,600699.SH
2194,002194.SZ
2195,688146.SH
2196,603978.SH
2197,688576.SH
2198,301091.SZ
2199,601868.SH
2200,688031.SH
2201,600887.SH
2202,688076.SH
2203,603135.SH
2204,301273.SZ
2205,600029.SH
2206,000823.SZ
2207,000989.SZ
2208,001287.SZ
2209,002366.SZ
2210,300947.SZ
2211,688333.SH
2212,600005.SH
2213,603088.SH
2214,301297.SZ
2215,688700.SH
2216,300151.SZ
2217,301298.SZ
2218,002052.SZ
2219,301024.SZ
2220,002346.SZ
2221,600379.SH
2222,600372.SH
2223,603599.SH
2224,600478.SH
2225,688696.SH
2226,000612.SZ
2227,300995.SZ
2228,002157.SZ
2229,301288.SZ
2230,002240.SZ
2231,600864.SH
2232,300987.SZ
2233,002182.SZ
2234,600515.SH
2235,688660.SH
2236,600525.SH
2237,688386.SH
2238,002311.SZ
2239,688575.SH
2240,002407.SZ
2241,000816.SZ
2242,300724.SZ
2243,300180.SZ
2244,600623.SH
2245,300333.SZ
2246,002097.SZ
2247,301153.SZ
2248,600079.SH
2249,600848.SH
2250,300331.SZ
2251,688062.SH
2252,688160.SH
2253,301382.SZ
2254,002307.SZ
2255,600682.SH
2256,600535.SH
2257,603667.SH
2258,002528.SZ
2259,600995.SH
2260,600999.SH
2261,300219.SZ
2262,603108.SH
2263,688038.SH
2264,300001.SZ
2265,002413.SZ
2266,600475.SH
2267,300369.SZ
2268,688195.SH
2269,000821.SZ
2270,300360.SZ
2271,300191.SZ
2272,300917.SZ
2273,002902.SZ
2274,688200.SH
2275,000970.SZ
2276,000898.SZ
2277,301383.SZ
2278,600862.SH
2279,603609.SH
2280,688051.SH
2281,600217.SH
2282,002560.SZ
2283,688466.SH
2284,002158.SZ
2285,002174.SZ
2286,601077.SH
2287,600730.SH
2288,688278.SH
2289,600213.SH
2290,000899.SZ
2291,002625.SZ
2292,300351.SZ
2293,600036.SH
2294,688819.SH
2295,600690.SH
2296,605399.SH
2297,002323.SZ
2298,601869.SH
2299,601699.SH
2300,300303.SZ
2301,301065.SZ
2302,002432.SZ
2303,002675.SZ
2304,601992.SH
2305,600167.SH
2306,600223.SH
2307,301336.SZ
2308,000957.SZ
2309,601369.SH
2310,002165.SZ
2311,600696.SH
2312,600165.SH
2313,000055.SZ
2314,600288.SH
2315,301170.SZ
2316,002145.SZ
2317,002440.SZ
2318,603868.SH
2319,688559.SH
2320,002484.SZ
2321,300311.SZ
2322,301258.SZ
2323,600636.SH
2324,688588.SH
2325,600219.SH
2326,600449.SH
2327,300244.SZ
2328,300593.SZ
2329,300922.SZ
2330,002266.SZ
2331,301349.SZ
2332,688107.SH
2333,301515.SZ
2334,300428.SZ
2335,601789.SH
2336,301207.SZ
2337,002222.SZ
2338,603033.SH
2339,688120.SH
2340,688502.SH
2341,603678.SH
2342,601888.SH
2343,688529.SH
2344,300871.SZ
2345,600585.SH
2346,600989.SH
2347,000540.SZ
2348,688282.SH
2349,601700.SH
2350,002946.SZ
2351,000032.SZ
2352,000425.SZ
2353,600398.SH
2354,600880.SH
2355,605376.SH
2356,688085.SH
2357,000738.SZ
2358,002073.SZ
2359,688787.SH
2360,301098.SZ
2361,300471.SZ
2362,002062.SZ
2363,300691.SZ
2364,300638.SZ
2365,002125.SZ
2366,002023.SZ
2367,301326.SZ
2368,000531.SZ
2369,600081.SH
2370,002458.SZ
2371,688679.SH
2372,301073.SZ
2373,000723.SZ
2374,603527.SH
2375,603556.SH
2376,301272.SZ
2377,600220.SH
2378,301158.SZ
2379,600648.SH
2380,688472.SH
2381,688503.SH
2382,000861.SZ
2383,600290.SH
2384,301058.SZ
2385,300941.SZ
2386,688779.SH
2387,600383.SH
2388,600136.SH
2389,601579.SH
2390,600551.SH
2391,002937.SZ
2392,601156.SH
2393,001965.SZ
2394,601890.SH
2395,002302.SZ
2396,000993.SZ
2397,688052.SH
2398,688677.SH
2399,002362.SZ
2400,688331.SH
2401,300499.SZ
2402,301328.SZ
2403,603693.SH
2404,603358.SH
2405,603290.SH
2406,601388.SH
2407,301020.SZ
2408,688552.SH
2409,603259.SH
2410,600295.SH
2411,002198.SZ
2412,300956.SZ
2413,603076.SH
2414,300937.SZ
2415,688739.SH
2416,000868.SZ
2417,301391.SZ
2418,600775.SH
2419,002372.SZ
2420,000731.SZ
2421,002450.SZ
2422,600466.SH
2423,688582.SH
2424,688168.SH
2425,603026.SH
2426,688560.SH
2427,002106.SZ
2428,600844.SH
2429,000572.SZ
2430,688096.SH
2431,002690.SZ
2432,600089.SH
2433,600216.SH
2434,000682.SZ
2435,000157.SZ
2436,600990.SH
2437,300902.SZ
2438,603392.SH
2439,688621.SH
2440,600335.SH
2441,688271.SH
2442,601555.SH
2443,688369.SH
2444,688152.SH
2445,000672.SZ
2446,000939.SZ
2447,002237.SZ
2448,603296.SH
2449,301287.SZ
2450,688261.SH
2451,000727.SZ
2452,603893.SH
2453,600192.SH
2454,600967.SH
2455,603077.SH
2456,300057.SZ
2457,300497.SZ
2458,002340.SZ
2459,688291.SH
2460,300895.SZ
2461,000651.SZ
2462,688631.SH
2463,301293.SZ
2464,600936.SH
2465,688558.SH
2466,301125.SZ
2467,300328.SZ
2468,601515.SH
2469,688488.SH
2470,002051.SZ
2471,300633.SZ
2472,000534.SZ
2473,300777.SZ
2474,601717.SH
2475,300927.SZ
2476,301176.SZ
2477,002122.SZ
2478,600033.SH
2479,688047.SH
2480,600067.SH
2481,300438.SZ
2482,301201.SZ
2483,301001.SZ
2484,300897.SZ
2485,601860.SH
2486,688799.SH
2487,601069.SH
2488,688238.SH
2489,600744.SH
2490,600150.SH
2491,688039.SH
2492,300666.SZ
2493,300110.SZ
2494,002797.SZ
2495,002714.SZ
2496,688396.SH
2497,301040.SZ
2498,688002.SH
2499,688629.SH
2500,000790.SZ
2501,600688.SH
2502,002335.SZ
2503,603160.SH
2504,002308.SZ
2505,301325.SZ
2506,000049.SZ
2507,002239.SZ
2508,600332.SH
2509,002477.SZ
2510,688480.SH
2511,000910.SZ
2512,688056.SH
2513,300403.SZ
2514,301097.SZ
2515,600614.SH
2516,000977.SZ
2517,301079.SZ
2518,601218.SH
2519,002326.SZ
2520,603613.SH
2521,601127.SH
2522,600416.SH
2523,300969.SZ
2524,301285.SZ
2525,688600.SH
2526,600386.SH
2527,301041.SZ
2528,300152.SZ
2529,002276.SZ
2530,600240.SH
2531,600587.SH
2532,688357.SH
2533,601198.SH
2534,603871.SH
2535,600369.SH
2536,688116.SH
2537,688563.SH
2538,002390.SZ
2539,600291.SH
2540,002214.SZ
2541,600318.SH
2542,600971.SH
2543,603897.SH
2544,688101.SH
2545,002127.SZ
2546,600522.SH
2547,601106.SH
2548,002078.SZ
2549,300957.SZ
2550,601606.SH
2551,002891.SZ
2552,301213.SZ
2553,600508.SH
2554,002046.SZ
2555,688036.SH
2556,002750.SZ
2557,002156.SZ
2558,600692.SH
2559,300677.SZ
2560,300772.SZ
2561,688281.SH
2562,688055.SH
2563,000777.SZ
2564,600180.SH
2565,301208.SZ
2566,002446.SZ
2567,600354.SH
2568,688390.SH
2569,003816.SZ
2570,603225.SH
2571,600403.SH
2572,603960.SH
2573,300928.SZ
2574,600875.SH
2575,300862.SZ
2576,000550.SZ
2577,600021.SH
2578,600988.SH
2579,600779.SH
2580,002664.SZ
2581,688479.SH
2582,002761.SZ
2583,300892.SZ
2584,600530.SH
2585,601777.SH
2586,002234.SZ
2587,600256.SH
2588,000778.SZ
2589,002109.SZ
2590,601908.SH
2591,002851.SZ
2592,301185.SZ
2593,301330.SZ
2594,301111.SZ
2595,002409.SZ
2596,600185.SH
2597,688789.SH
2598,300735.SZ
2599,688262.SH
2600,301295.SZ
2601,688069.SH
2602,600586.SH
2603,002376.SZ
2604,688361.SH
2605,600630.SH
2606,688379.SH
2607,301007.SZ
2608,300529.SZ
2609,688279.SH
2610,002439.SZ
2611,300595.SZ
2612,301181.SZ
2613,603429.SH
2614,002500.SZ
2615,301102.SZ
2616,002635.SZ
2617,600546.SH
2618,688199.SH
2619,301085.SZ
2620,603596.SH
2621,600151.SH
2622,688373.SH
2623,600438.SH
2624,301155.SZ
2625,600289.SH
2626,300875.SZ
2627,300158.SZ
2628,301056.SZ
2629,688409.SH
2630,002299.SZ
2631,002035.SZ
2632,600566.SH
2633,688300.SH
2634,600101.SH
2635,600175.SH
2636,000795.SZ
2637,300614.SZ
2638,600116.SH
2639,000501.SZ
2640,001872.SZ
2641,603486.SH
2642,002280.SZ
2643,002328.SZ
2644,000766.SZ
2645,300860.SZ
2646,000697.SZ
2647,600030.SH
2648,600362.SH
2649,000980.SZ
2650,688786.SH
2651,688510.SH
2652,300323.SZ
2653,600680.SH
2654,000822.SZ
2655,300576.SZ
2656,301026.SZ
2657,002588.SZ
2658,301221.SZ
2659,002108.SZ
2660,600377.SH
2661,600821.SH
2662,600963.SH
2663,002010.SZ
2664,300093.SZ
2665,002271.SZ
2666,002646.SZ
2667,603098.SH
2668,603035.SH
2669,002575.SZ
2670,688349.SH
2671,600787.SH
2672,000557.SZ
2673,688733.SH
2674,688276.SH
2675,300586.SZ
2676,002487.SZ
2677,301398.SZ
2678,300676.SZ
2679,300896.SZ
2680,603618.SH
2681,688347.SH
2682,688057.SH
2683,601965.SH
2684,688612.SH
2685,301060.SZ
2686,301300.SZ
2687,300613.SZ
2688,600206.SH
2689,002867.SZ
2690,300814.SZ
2691,603939.SH
2692,600500.SH
2693,603995.SH
2694,000527.SZ
2695,600653.SH
2696,000650.SZ
2697,002399.SZ
2698,000900.SZ
2699,601618.SH
2700,688598.SH
2701,603466.SH
2702,000965.SZ
2703,002503.SZ
2704,301393.SZ
2705,600337.SH
2706,600366.SH
2707,600323.SH
2708,000693.SZ
2709,000683.SZ
2710,300315.SZ
2711,301070.SZ
2712,000563.SZ
2713,000016.SZ
2714,300068.SZ
2715,688500.SH
2716,603169.SH
2717,000792.SZ
2718,600928.SH
2719,600933.SH
2720,688029.SH
2721,300885.SZ
2722,002839.SZ
2723,301389.SZ
2724,688603.SH
2725,301032.SZ
2726,688401.SH
2727,688670.SH
2728,002034.SZ
2729,300965.SZ
2730,600255.SH
2731,688220.SH
2732,301265.SZ
2733,600231.SH
2734,002538.SZ
2735,600885.SH
2736,002374.SZ
2737,002402.SZ
2738,300481.SZ
2739,300587.SZ
2740,688032.SH
2741,688531.SH
2742,002396.SZ
2743,301076.SZ
2744,600917.SH
2745,300394.SZ
2746,600313.SH
2747,301101.SZ
2748,600193.SH
2749,300737.SZ
2750,603927.SH
2751,300157.SZ
2752,688191.SH
2753,000962.SZ
2754,301180.SZ
2755,301369.SZ
2756,603123.SH
2757,688244.SH
2758,000027.SZ
2759,600112.SH
2760,603758.SH
2761,300971.SZ
2762,600866.SH
2763,300518.SZ
2764,688109.SH
2765,688068.SH
2766,600729.SH
2767,688618.SH
2768,300310.SZ
2769,002379.SZ
2770,002033.SZ
2771,688416.SH
2772,000876.SZ
2773,688114.SH
2774,603288.SH
2775,002216.SZ
2776,300188.SZ
2777,688058.SH
2778,002334.SZ
2779,300053.SZ
2780,002037.SZ
2781,605117.SH
2782,689009.SH
2783,300199.SZ
2784,002384.SZ
2785,601020.SH
2786,601339.SH
2787,603228.SH
2788,603589.SH
2789,000722.SZ
2790,688580.SH
2791,000024.SZ
2792,688667.SH
2793,000948.SZ
2794,300027.SZ
2795,600391.SH
2796,002468.SZ
2797,688380.SH
2798,688505.SH
2799,601166.SH
2800,002925.SZ
2801,300044.SZ
2802,300020.SZ
2803,301137.SZ
2804,000963.SZ
2805,600053.SH
2806,600422.SH
2807,002518.SZ
2808,002491.SZ
2809,002602.SZ
2810,601598.SH
2811,600239.SH
2812,601333.SH
2813,603989.SH
2814,301429.SZ
2815,601222.SH
2816,600338.SH
2817,600777.SH
2818,601666.SH
2819,603638.SH
2820,301069.SZ
2821,603001.SH
2822,603659.SH
2823,688360.SH
2824,688435.SH
2825,000034.SZ
2826,300145.SZ
2827,002206.SZ
2828,600651.SH
2829,300382.SZ
2830,603298.SH
2831,688111.SH
2832,600019.SH
2833,603908.SH
2834,603012.SH
2835,301505.SZ
2836,300253.SZ
2837,601566.SH
2838,002598.SZ
2839,600115.SH
2840,002294.SZ
2841,688015.SH
2842,000521.SZ
2843,300629.SZ
2844,301083.SZ
2845,002093.SZ
2846,301279.SZ
2847,600155.SH
2848,601601.SH
2849,601107.SH
2850,301042.SZ
2851,000748.SZ
2852,600562.SH
2853,688137.SH
2854,688513.SH
2855,600491.SH
2856,688606.SH
2857,600009.SH
2858,600503.SH
2859,000851.SZ
2860,300284.SZ
2861,000927.SZ
2862,002092.SZ
2863,600225.SH
2864,600782.SH
2865,002017.SZ
2866,000979.SZ
2867,600694.SH
2868,688222.SH
2869,002618.SZ
2870,300982.SZ
2871,300655.SZ
2872,600830.SH
2873,603348.SH
2874,300408.SZ
2875,600317.SH
2876,688327.SH
2877,300877.SZ
2878,002387.SZ
2879,601126.SH
2880,688226.SH
2881,000836.SZ
2882,688689.SH
2883,000625.SZ
2884,300674.SZ
2885,600023.SH
2886,600312.SH
2887,600743.SH
2888,002423.SZ
2889,300373.SZ
2890,301046.SZ
2891,688625.SH
2892,300739.SZ
2893,600860.SH
2894,002673.SZ
2895,600998.SH
2896,603776.SH
2897,300968.SZ
2898,002250.SZ
2899,688456.SH
2900,601137.SH
2901,300468.SZ
2902,300970.SZ
2903,300996.SZ
2904,600360.SH
2905,601155.SH
2906,603069.SH
2907,603355.SH
2908,688049.SH
2909,000690.SZ
2910,301381.SZ
2911,000877.SZ
2912,600966.SH
2913,603011.SH
2914,600011.SH
2915,301380.SZ
2916,300459.SZ
2917,300036.SZ
2918,600098.SH
2919,603530.SH
2920,002063.SZ
2921,600985.SH
2922,000062.SZ
2923,000009.SZ
2924,600343.SH
2925,601326.SH
2926,301390.SZ
2927,002421.SZ
2928,601059.SH
2929,600074.SH
2930,300357.SZ
2931,605090.SH
2932,000918.SZ
2933,600125.SH
2934,688322.SH
2935,002163.SZ
2936,600308.SH
2937,688400.SH
2938,002416.SZ
2939,688021.SH
2940,603601.SH
2941,688418.SH
2942,000513.SZ
2943,600083.SH
2944,688301.SH
2945,600888.SH
2946,688578.SH
2947,603881.SH
2948,600685.SH
2949,000620.SZ
2950,000671.SZ
2951,002029.SZ
2952,300376.SZ
2953,600122.SH
2954,600380.SH
2955,000678.SZ
2956,600675.SH
2957,000703.SZ
2958,002978.SZ
2959,603127.SH
2960,002459.SZ
2961,000639.SZ
2962,601919.SH
2963,603050.SH
2964,002179.SZ
2965,688256.SH
2966,688596.SH
2967,002223.SZ
2968,301177.SZ
2969,002573.SZ
2970,600816.SH
2971,688593.SH
2972,300961.SZ
2973,688370.SH
2974,301290.SZ
2975,301052.SZ
2976,301048.SZ
2977,600826.SH
2978,301231.SZ
2979,600293.SH
2980,688339.SH
2981,000422.SZ
2982,300859.SZ
2983,301386.SZ
2984,688167.SH
2985,002945.SZ
2986,301168.SZ
2987,002074.SZ
2988,603156.SH
2989,600130.SH
2990,600895.SH
2991,301080.SZ
2992,600211.SH
2993,600230.SH
2994,002241.SZ
2995,000887.SZ
2996,600183.SH
2997,301197.SZ
2998,601021.SH
2999,688701.SH
3000,000078.SZ
3001,301313.SZ
3002,688173.SH
3003,000522.SZ
3004,600811.SH
3005,300294.SZ
3006,300925.SZ
3007,300988.SZ
3008,601990.SH
3009,600968.SH
3010,002948.SZ
3011,600986.SH
3012,688428.SH
3013,688257.SH
3014,301107.SZ
3015,688147.SH
3016,688141.SH
3017,000661.SZ
3018,000333.SZ
3019,300989.SZ
3020,300977.SZ
3021,600064.SH
3022,688586.SH
3023,301283.SZ
3024,603789.SH
3025,601375.SH
3026,688162.SH
3027,002100.SZ
3028,688066.SH
3029,688620.SH
3030,300660.SZ
3031,603668.SH
3032,600096.SH
3033,688367.SH
3034,000539.SZ
3035,688515.SH
3036,688353.SH
3037,300755.SZ
3038,688106.SH
3039,300738.SZ
3040,300008.SZ
3041,300696.SZ
3042,002488.SZ
3043,002698.SZ
3044,002361.SZ
3045,002149.SZ
3046,000655.SZ
3047,600815.SH
3048,002643.SZ
3049,002531.SZ
3050,300370.SZ
3051,300760.SZ
3052,600512.SH
3053,688060.SH
3054,000688.SZ
3055,000968.SZ
3056,300773.SZ
3057,600621.SH
3058,002471.SZ
3059,300946.SZ
3060,603000.SH
3061,301117.SZ
3062,603606.SH
3063,600872.SH
3064,300142.SZ
3065,002435.SZ
3066,600757.SH
3067,300224.SZ
3068,300072.SZ
3069,300146.SZ
3070,300136.SZ
3071,603612.SH
3072,300237.SZ
3073,600195.SH
3074,600519.SH
3075,301335.SZ
3076,600257.SH
3077,601668.SH
3078,000895.SZ
3079,002628.SZ
3080,002803.SZ
3081,000036.SZ
3082,300222.SZ
3083,600055.SH
3084,600138.SH
3085,600016.SH
3086,600131.SH
3087,601636.SH
3088,300979.SZ
3089,002611.SZ
3090,603916.SH
3091,688313.SH
3092,002378.SZ
3093,000717.SZ
3094,300117.SZ
3095,000909.SZ
3096,000543.SZ
3097,002451.SZ
3098,605589.SH
3099,601633.SH
3100,000629.SZ
3101,000553.SZ
3102,300687.SZ
3103,301215.SZ
3104,688161.SH
3105,000990.SZ
3106,605305.SH
3107,600497.SH
3108,600490.SH
3109,002639.SZ
3110,688308.SH
3111,002045.SZ
3112,301162.SZ
3113,600622.SH
3114,002183.SZ
3115,600060.SH
3116,300458.SZ
3117,688388.SH
3118,301167.SZ
3119,601858.SH
3120,688231.SH
3121,600664.SH
3122,000975.SZ
3123,600595.SH
3124,300482.SZ
3125,000901.SZ
3126,688455.SH
3127,300217.SZ
3128,688081.SH
3129,688448.SH
3130,301199.SZ
3131,688123.SH
3132,603906.SH
3133,688217.SH
3134,603379.SH
3135,000404.SZ
3136,000713.SZ
3137,600531.SH
3138,601010.SH
3139,600673.SH
3140,301302.SZ
3141,603699.SH
3142,688610.SH
3143,002581.SZ
3144,300035.SZ
3145,688298.SH
3146,601456.SH
3147,002653.SZ
3148,002274.SZ
3149,301314.SZ
3150,688509.SH
3151,000761.SZ
3152,301067.SZ
3153,002212.SZ
3154,000728.SZ
3155,300958.SZ
3156,600812.SH
3157,603969.SH
3158,688332.SH
3159,600886.SH
3160,601999.SH
3161,688143.SH
3162,002436.SZ
3163,600509.SH
3164,002130.SZ
3165,600315.SH
3166,000524.SZ
3167,600010.SH
3168,002288.SZ
3169,002522.SZ
3170,300037.SZ
3171,688135.SH
3172,688075.SH
3173,601061.SH
3174,688656.SH
3175,002067.SZ
3176,601000.SH
3177,601880.SH
3178,688265.SH
3179,002922.SZ
3180,002726.SZ
3181,002881.SZ
3182,600717.SH
3183,301218.SZ
3184,601966.SH
3185,601568.SH
3186,600141.SH
3187,300821.SZ
3188,300999.SZ
3189,688686.SH
3190,000021.SZ
3191,002824.SZ
3192,600578.SH
3193,001373.SZ
3194,300579.SZ
3195,603212.SH
3196,000767.SZ
3197,600015.SH
3198,688131.SH
3199,688599.SH
3200,688393.SH
3201,000547.SZ
3202,002765.SZ
3203,601882.SH
3204,000528.SZ
3205,688391.SH
3206,002838.SZ
3207,300377.SZ
3208,300177.SZ
3209,300437.SZ
3210,301049.SZ
3211,300070.SZ
3212,000063.SZ
3213,600199.SH
3214,300936.SZ
3215,002140.SZ
3216,600126.SH
3217,688609.SH
3218,600063.SH
3219,601800.SH
3220,002375.SZ
3221,002312.SZ
3222,600970.SH
3223,300985.SZ
3224,002065.SZ
3225,002292.SZ
3226,301362.SZ
3227,688225.SH
3228,301512.SZ
3229,600758.SH
3230,002572.SZ
3231,688025.SH
3232,688433.SH
3233,002792.SZ
3234,301355.SZ
3235,688108.SH
3236,000008.SZ
3237,002463.SZ
3238,301487.SZ
3239,600073.SH
3240,000936.SZ
3241,000028.SZ
3242,301263.SZ
3243,002497.SZ
3244,301075.SZ
3245,000718.SZ
3246,300266.SZ
3247,300024.SZ
3248,688669.SH
3249,688543.SH
3250,600526.SH
3251,300854.SZ
3252,000554.SZ
3253,002123.SZ
3254,002759.SZ
3255,002642.SZ
3256,300082.SZ
3257,600642.SH
3258,301222.SZ
3259,688009.SH
3260,002564.SZ
3261,600197.SH
3262,000089.SZ
3263,002481.SZ
3264,688280.SH
3265,688314.SH
3266,301327.SZ
3267,688087.SH
3268,688048.SH
3269,301397.SZ
3270,000601.SZ
3271,001360.SZ
3272,300991.SZ
3273,002117.SZ
3274,000592.SZ
3275,601186.SH
3276,603181.SH
3277,603501.SH
3278,600498.SH
3279,300025.SZ
3280,300723.SZ
3281,600798.SH
3282,001380.SZ
3283,688030.SH
3284,000815.SZ
3285,688183.SH
3286,688330.SH
3287,688317.SH
3288,000967.SZ
3289,002930.SZ
3290,688071.SH
3291,688247.SH
3292,600190.SH
3293,688512.SH
3294,002332.SZ
3295,301133.SZ
3296,301286.SZ
3297,600085.SH
3298,002351.SZ
3299,002517.SZ
3300,688089.SH
3301,301115.SZ
3302,688045.SH
3303,301004.SZ
3304,600200.SH
3305,002580.SZ
3306,300865.SZ
3307,688468.SH
3308,002297.SZ
3309,301071.SZ
3310,688395.SH
3311,600568.SH
3312,301131.SZ
3313,002020.SZ
3314,301119.SZ
3315,600458.SH
3316,600926.SH
3317,002736.SZ
3318,301339.SZ
3319,300418.SZ
3320,600874.SH
3321,002472.SZ
3322,301331.SZ
3323,600426.SH
3324,600973.SH
3325,000837.SZ
3326,601727.SH
3327,600456.SH
3328,600248.SH
3329,601567.SH
3330,002055.SZ
3331,688707.SH
3332,301303.SZ
3333,603043.SH
3334,000700.SZ
3335,002530.SZ
3336,301000.SZ
3337,600331.SH
3338,002428.SZ
3339,301191.SZ
3340,603833.SH
3341,000859.SZ
3342,000511.SZ
3343,002218.SZ
3344,002606.SZ
3345,688608.SH
3346,300842.SZ
3347,603517.SH
3348,688289.SH
3349,300903.SZ
3350,301206.SZ
3351,688484.SH
3352,600897.SH
3353,688697.SH
3354,301322.SZ
3355,600395.SH
3356,300864.SZ
3357,688103.SH
3358,688776.SH
3359,600351.SH
3360,688501.SH
3361,688767.SH
3362,002543.SZ
3363,600480.SH
3364,600277.SH
3365,301053.SZ
3366,688084.SH
3367,600406.SH
3368,600258.SH
3369,600638.SH
3370,688800.SH
3371,603338.SH
3372,002303.SZ
3373,603559.SH
3374,000826.SZ
3375,300932.SZ
3376,600059.SH
3377,300364.SZ
3378,300048.SZ
3379,002941.SZ
3380,300933.SZ
3381,688013.SH
3382,688148.SH
3383,688288.SH
3384,601098.SH
3385,000951.SZ
3386,301100.SZ
3387,688375.SH
3388,301016.SZ
3389,688601.SH
3390,688211.SH
3391,600710.SH
3392,600129.SH
3393,300935.SZ
3394,601969.SH
3395,600110.SH
3396,603444.SH
3397,300349.SZ
3398,300880.SZ
3399,300910.SZ
3400,002453.SZ
3401,300763.SZ
3402,688156.SH
3403,002670.SZ
3404,002672.SZ
3405,002768.SZ
3406,600233.SH
3407,000736.SZ
3408,000863.SZ
3409,688077.SH
3410,688285.SH
3411,301408.SZ
3412,002244.SZ
3413,002263.SZ
3414,002121.SZ
3415,001328.SZ
3416,002482.SZ
3417,688092.SH
3418,600007.SH
3419,600132.SH
3420,688176.SH
3421,002393.SZ
3422,600807.SH
3423,001696.SZ
3424,300939.SZ
3425,600460.SH
3426,603565.SH
3427,600482.SH
3428,301092.SZ
3429,002236.SZ
3430,001282.SZ
3431,300332.SZ
